event_times,event_types
"[10.60024829,12.05416448,13.96541848,16.84462816,18.75897986,20.26946261,23.67615353,27.48953039,27.5950683,27.62355822,28.27664702,28.52157718,28.79725923,31.1381824,45.79382996,49.41766842,51.20383538,52.83115989,53.61105982,54.34925778,63.76462729,65.49247733,66.81594508,67.02606203,68.29668929,71.15894135,71.67913434,73.88160439,79.92080795,80.63397879,82.37511953,86.77798885,89.07638382,96.18104938,98.76978474,99.08881804,104.710872,107.86845812,111.9242203,115.96029316,120.07553249,122.2406098,122.92348046,123.95920248,124.04159307,124.54391291,124.80322531,125.65169456,129.40441475,129.47545105,130.63202674,130.78414331,130.86807767,130.99795554,134.89263878,134.9894404,136.4457701,137.09206799,137.28140455,138.47839424,140.37862204,141.00823588,141.93965366,142.76751636]","[4,1,4,1,6,1,7,2,3,5,2,7,2,6,6,4,4,5,0,5,0,3,2,2,4,2,3,3,2,7,7,5,4,1,0,3,6,5,7,7,7,2,0,3,1,2,4,0,2,3,2,3,7,6,3,2,2,3,2,3,3,2,3,3]"
"[5.78131265,6.73377119,7.20284319,10.61410038,12.64335213,13.16215846,15.07532628,18.73237848,21.64432239,23.3592071,26.86756236,26.87285215,28.08271432,28.87517244,29.31737398,29.87208209,31.13119774,33.66123685,34.01460529,34.73221344,36.22616963,38.7759201,42.86397199,45.05439272,46.64666936,47.06070382,47.33976179,47.97048339,49.7072335,50.7719721,51.53018208,52.59173716,52.99186287,53.74861979,53.9815282,53.99585276,54.0172108,54.01800241,54.13181422,55.03908214,57.41664823,61.52485045,63.24496602,63.74246816,63.74889417,63.82991159,64.11340856,64.19524075,64.37951108,64.57856219,64.68188361,65.5892021,65.64246103,66.25384586,66.38611633,66.55183546,66.73287129,66.8096751,67.02300353,67.18840507,67.77799637,74.99160292,75.11510762,81.54053501]","[3,2,2,2,4,5,1,2,0,0,1,0,0,1,1,0,1,1,1,0,7,0,1,1,0,0,1,1,1,0,2,1,7,7,0,1,0,0,1,1,2,1,0,1,0,0,1,0,1,1,1,1,1,0,1,0,0,1,3,1,0,4,4,5]"
"[2.37417653,2.85885478,12.24459878,12.5042355,12.916866,13.33965833,13.34484917,17.45556186,17.52823947,17.77771495,18.425656,20.50429692,20.51648007,22.3557095,23.17084883,23.20901682,23.63164373,25.19700039,25.84743331,27.00547802,27.04021152,27.69525824,27.99097537,28.82814123,29.25019681,31.26502092,32.79951062,33.81846719,38.70349533,39.78495334,40.49407136,41.02695868,41.70854579,42.94734796,43.26572415,43.990822,44.95051024,47.65953144,47.77499935,48.87910735,49.41518319,49.70659917,49.78357546,50.61871599,51.37375192,51.54397745,53.94765841,54.90592114,55.37463993,55.46679624,55.85158361,56.677812,56.72400099,57.79737046,58.41012979,60.06651717,60.98293181,61.12695903,61.27204767,61.36753539,62.59770576,63.51292528,65.08519235,65.18306349]","[2,3,5,3,2,3,3,2,3,3,3,3,3,0,6,3,1,0,1,2,1,3,3,0,5,2,7,5,7,3,2,2,3,4,2,3,4,1,7,0,2,0,0,1,0,6,7,6,4,1,0,1,7,0,1,2,3,1,4,3,0,2,3,3]"
"[0.89970522,1.8522623,6.53381354,7.28866039,8.284435,12.32594737,12.49386722,14.50044494,15.01142298,15.47248459,17.85173663,18.20470576,18.3542993,20.9632927,21.09918801,21.18222221,22.0928409,25.55522041,29.97081266,30.8879158,32.90312391,33.10284241,36.21486858,36.57229836,37.13408175,37.44346805,37.60968153,37.62973718,38.7290605,38.84575925,38.89411866,38.97422397,40.36460957,41.24224559,41.46791604,45.00851952,45.18598023,46.20505104,48.73565306,49.04480135,51.5032063,51.76084258,51.85961725,53.87717796,54.94236792,55.64176051,56.45383369,58.3408695,62.05258039,66.26775958,66.38563324,66.70183161,66.86922823,67.09751224,68.96117729,68.96461882,69.11807773,69.68623748,73.00804828,73.02218976,75.07876107,75.35623214,77.10342091,81.60221147]","[7,5,5,2,4,7,0,1,0,1,7,3,0,3,1,0,1,6,0,1,0,1,0,1,0,1,2,0,2,3,1,1,1,2,3,3,3,7,0,0,0,1,5,0,0,5,4,6,4,0,6,0,1,0,1,0,1,1,0,6,0,1,0,4]"
"[5.59037043,6.55398329,7.01950338,7.41959307,7.75083969,9.27703304,10.29553977,10.68474541,10.96042296,11.52298135,12.55249121,12.60657653,19.56577453,19.96824354,26.10003246,29.76092147,30.34559468,30.650194,31.02699809,31.64658542,31.77817126,32.01175717,32.36108148,34.25745243,35.33477965,36.42514505,37.37400392,37.47336971,37.59101192,37.63633317,41.66037064,41.6694128,41.74090953,43.25660632,43.55540698,43.56043115,44.86127035,45.16573715,45.77487174,46.28284545,46.44216187,46.76746077,48.38684976,48.85045895,50.17361902,52.00690983,55.16908117,56.28793076,62.26931702,62.40860907,66.62494561,67.72669416,68.16009263,69.68588279,81.93178701,82.62386855,83.69591273,85.8138317,90.51808138,94.78856497,98.79541688,103.69803408,104.1194176,105.44783237]","[5,0,1,7,0,2,1,1,0,0,0,5,7,3,6,3,1,1,0,0,0,1,6,5,0,1,1,0,2,1,2,0,1,1,1,7,6,0,0,2,0,0,1,6,2,7,2,5,2,6,0,1,2,7,2,5,6,4,5,1,6,3,2,3]"
"[3.29717228,4.45370584,4.68687225,7.76408129,19.35707567,21.22916044,21.58465035,21.93777185,22.33071087,22.80544579,28.07548663,30.65019753,34.35420939,35.11011159,37.85151879,39.07851931,39.61498734,44.49234295,46.33264529,52.05092626,55.52952817,55.83900221,56.34344901,60.52733424,60.94682599,61.34613115,62.97288766,64.41370932,64.45461642,64.4637875,64.90491547,65.33529622,66.3345874,66.36777872,66.6201169,66.63789893,66.95238056,67.66016031,68.21146444,68.26170269,68.48301104,69.22422738,69.28918686,71.96893178,71.98570584,72.11030186,74.02404998,74.49377496,74.66989183,75.85070097,76.16079246,80.50547055,80.53887383,80.73440837,81.91629814,82.05126637,82.21814456,82.36908799,83.15787163,83.25821351,83.3241412,83.32785112,83.63322699,83.73285982]","[0,5,3,4,7,2,4,3,3,5,5,7,7,1,2,3,2,2,7,7,1,4,0,0,1,0,0,0,1,0,1,1,1,0,1,0,1,0,1,1,1,0,0,0,1,0,0,0,0,1,7,1,0,0,1,1,2,0,3,1,0,3,2,3]"
"[0.05491738,2.41100031,10.97064827,14.26217632,14.83314123,25.43922619,27.91658318,31.41766818,36.01132685,36.43478673,37.17293211,39.62696581,40.52981528,43.97699361,44.39514962,46.79635688,46.88795103,47.50320888,47.69000185,47.86152709,50.25005601,50.4887135,56.76216315,57.95914812,69.12819388,71.83535594,73.59263291,75.81060945,76.18642716,76.81295871,77.97870655,79.35897793,82.86120538,83.62813249,88.26717518,92.27599448,92.95685307,93.38322014,93.4935447,94.39715433,95.27259432,96.94030856,97.16691245,97.4008747,98.0675267,101.10484503,105.61156596,116.52403208,116.95733908,118.81699882,119.06423766,119.79270044,121.82183558,123.86110706,124.06551467,124.49989477,130.43943165,130.48879274,133.55659961,137.7378322,139.40073399,140.30191733,142.51024605,150.26885224]","[5,4,0,7,1,0,1,5,1,6,2,7,2,0,1,4,0,1,0,1,6,4,6,6,5,2,3,2,3,2,7,0,5,2,3,2,2,3,4,3,4,0,1,6,7,6,1,1,0,1,0,1,1,1,2,0,0,1,6,6,0,1,0,1]"
"[5.19246219,8.186484,10.81496156,12.43246216,14.61203854,16.62849358,17.07921507,18.1420522,18.15501941,18.90946624,19.98699454,22.1527539,22.52784702,23.22403945,24.77752499,28.66321815,30.47541009,32.4680586,32.52396984,36.3732158,37.96461102,38.17160682,39.59364573,39.74045358,41.43278546,43.19519678,43.34516579,45.04112529,45.58110984,45.80660541,46.549339,46.85689307,49.00376741,49.5862112,50.22987123,51.35441625,52.92215869,53.7502307,54.21068268,54.88661704,54.92773777,55.70654226,55.83951266,55.85781899,55.9794449,56.12620514,57.52922493,58.5695587,58.73931822,59.99299524,60.4381752,66.56618771,67.05229843,68.45475805,68.72793542,69.77565994,72.13660406,75.72268497,80.97429309,83.06778987,83.76705553,94.22306163,94.96895166,98.02680666]","[4,2,3,1,7,1,7,1,3,0,0,1,0,0,2,6,6,3,3,2,2,7,3,3,2,2,3,4,6,7,2,2,7,3,2,2,0,1,2,7,4,0,7,1,3,7,1,0,3,0,5,1,0,0,1,1,0,2,6,7,1,5,5,3]"
"[0.67442371,1.09989486,1.18051021,1.39606678,1.53717467,2.89846139,4.06531906,10.70785077,12.26000385,15.5147932,17.66669164,18.93271262,19.44086352,20.26696233,20.62804113,22.27849917,22.49822115,24.33693681,26.28510718,26.50500332,27.16573763,27.24380244,27.55418236,27.59890409,28.28570418,29.06629582,29.56562296,31.34612625,37.41195969,37.49280129,37.61100107,38.58879132,38.62876762,38.88421023,42.45626237,42.59888248,43.60545719,46.14228651,50.09429705,54.36984671,57.03810818,58.56991068,58.61372745,59.34384171,59.36043965,61.33395848,64.32358553,65.02026576,67.13392147,67.56979455,72.2917437,81.59387305,83.64140645,83.81376006,86.8303294,86.91720352,87.72263004,90.27112208,91.32210277,92.68636705,92.8551709,98.83345646,101.19007591,104.14890257]","[5,0,7,1,6,0,6,7,1,4,1,0,2,1,3,3,3,5,2,3,3,3,4,2,5,3,1,3,0,1,1,0,0,1,2,3,7,5,2,7,0,2,2,3,3,3,2,3,3,5,3,5,3,2,1,0,4,2,7,2,4,4,3,2]"
"[2.44414462,3.45624589,12.88776551,13.66160111,15.39759008,16.42688079,16.62366831,19.73075249,21.16010733,22.32702093,24.39221729,26.47013794,30.6616774,30.9606171,31.04221049,32.50708118,32.74300989,34.61247646,34.89279465,35.4640031,35.74181884,39.93944041,40.97695765,42.94479132,44.07239689,44.55398869,45.92274528,46.07833908,46.26003945,46.33460417,46.79689636,46.94720169,47.40244997,48.09112401,48.7077561,50.35291574,53.01901657,53.16025164,53.25125439,53.5393033,54.06955112,54.2423601,54.42213857,54.48079796,54.50518155,54.72423398,54.73102455,55.00551524,55.37730386,55.75989568,56.11029654,56.38531699,59.00971758,59.10666276,59.33675386,59.56182563,60.29357415,60.88639363,61.98296467,62.40829161,62.91175418,62.98357405,63.58099711,63.95595603]","[6,7,3,2,3,7,1,2,2,7,2,3,2,5,3,5,3,2,6,5,6,0,4,1,1,0,0,0,0,1,1,5,7,0,0,4,1,0,1,0,0,1,0,0,0,1,1,4,1,1,0,7,1,0,0,0,0,0,1,0,1,0,1,1]"
"[1.18040977,1.32708167,6.21801551,6.65532473,10.11284017,10.54974012,10.85865608,11.20386084,11.76971284,12.09950345,13.58473525,14.46109577,14.92050698,18.05878843,19.9105764,21.11760979,21.18062718,23.64145931,24.89417687,25.32812978,25.64811143,28.05473986,30.3080909,32.32882006,32.83937655,32.98944411,34.70219631,34.97744221,34.97747682,35.02303312,35.13646773,35.83288651,36.03674334,40.97618747,41.75448596,44.96397532,50.58532859,51.9627122,52.35578182,58.52899814,59.53482754,60.46801259,65.47481595,72.6838799,72.7998176,73.34381189,73.50267033,73.54186244,73.69129258,73.78053938,73.78754178,74.30552814,74.83143521,75.09463589,75.47980801,75.81940153,76.03150424,76.23399875,76.64920479,76.87735159,77.5560209,78.0213544,78.66413149,78.79966335]","[6,2,6,1,2,3,4,2,2,3,3,1,2,5,0,1,0,1,0,3,2,2,0,6,1,0,0,1,2,0,1,0,0,3,7,2,7,3,2,1,3,3,6,1,0,1,1,0,0,0,1,0,1,5,0,1,1,0,0,1,1,0,1,0]"
"[1.56550173,2.36475165,3.62542224,7.61156288,9.6886173,14.58117144,14.93559781,16.77950754,17.55735523,18.09319824,18.1605339,18.2296858,20.04068182,21.39378086,30.85014307,33.70367708,34.85286907,35.54458007,38.48659139,45.93340827,46.00221779,46.10914389,49.58363057,49.97668065,50.4945097,52.49905506,52.54365911,52.82280385,53.01373833,53.29243398,53.60305656,53.71689859,54.9844376,55.26808762,55.99262046,56.01507175,56.11664093,56.90998621,57.01318321,57.42208217,57.73165796,59.4660245,60.33737828,60.44067054,61.26619703,64.44308599,65.85550168,74.93932918,75.19824843,75.75672447,76.75760894,77.49854378,77.64680853,77.79399651,78.00932698,78.62229035,81.06438583,82.09462993,84.60256055,84.69686513,84.97583878,85.26494222,85.76750871,86.2428792]","[2,6,6,4,3,4,2,3,4,0,1,1,4,0,0,1,0,1,7,0,1,1,0,6,1,1,0,1,0,1,0,0,2,2,1,0,0,0,1,1,0,1,1,3,4,5,0,6,6,1,1,0,1,1,6,0,3,1,2,3,0,1,1,7]"
"[4.11333521,5.03750046,7.68442831,9.90839097,17.45855226,23.71005386,23.91021988,25.54981549,29.60307903,32.40425241,33.24975942,34.00701601,34.68171316,35.20743149,40.34364174,40.63969875,42.43105018,43.44348941,44.82895719,44.92929809,47.93610971,50.23483989,52.27307084,53.24372584,53.72887141,56.09797239,56.20473671,57.04439922,62.53568697,65.92742142,66.29222868,66.47663719,67.12805598,68.00742464,68.1629997,68.24116646,69.06463415,69.8773317,71.49408562,72.35861462,74.33295646,78.14566724,79.99236488,85.47225914,100.42499815,101.72428568,102.35763937,104.18541534,105.78363296,109.48726021,110.53785932,120.0412672,125.72537693,126.8878922,128.66271509,129.32139786,129.73587556,134.25004621,135.13748454,136.5048859,136.96922518,137.22475556,140.2770021,141.12259687]","[7,5,6,7,0,1,7,2,7,1,0,1,0,2,2,7,3,3,4,3,1,7,6,0,2,4,0,7,1,2,3,1,0,1,0,0,1,7,6,6,4,0,7,1,2,2,3,7,5,7,2,6,7,2,2,3,3,7,3,0,3,1,4,0]"
"[14.77310352,18.1576252,19.11374067,19.50663049,19.62074825,20.27552221,20.86935439,22.67749449,23.09135077,23.09417241,23.42814638,23.48231015,23.71296377,25.28271571,25.73707738,27.30195986,28.23363301,28.36208218,28.91384388,29.40219335,29.84806361,29.87249897,29.98048155,30.09207391,30.67056268,30.8461714,30.91393641,32.21917966,32.7903087,33.06025051,33.29637619,33.60711306,34.00632521,34.07028468,34.07594484,34.19011219,34.1993561,35.16005857,35.24394132,35.34647843,35.40274145,35.50207441,35.82492439,36.22055959,36.80340485,36.83636989,37.07932899,37.21372717,37.48634089,38.04565282,39.53733187,41.01867306,42.28042803,44.12093754,44.24416271,45.24971505,49.98335887,50.2437569,50.58128565,51.51248583,51.63785799,55.28631309,57.60561279,63.85939866]","[2,2,2,3,7,2,3,1,6,0,2,3,3,3,2,1,0,1,1,3,0,0,1,0,1,2,1,0,0,0,1,1,0,1,0,1,1,0,1,1,0,0,1,0,1,0,1,6,0,0,1,1,0,1,0,6,2,3,7,2,3,1,6,2]"
"[0.25431417,0.69081862,0.91450837,1.1659522,2.0240662,3.85531542,5.29579568,10.50034191,11.50645936,12.23027244,12.30512596,12.62147517,14.41588251,14.77653958,16.28421069,17.23686268,42.25119882,44.5374503,47.34212073,48.22000162,56.97086119,57.30533134,57.31532408,57.75940282,58.00471693,58.74345443,58.90904618,59.09890877,61.14696928,62.02565249,62.20272069,62.31797345,63.73472437,63.79674316,65.03094432,71.99006912,72.02409433,78.58125784,79.67477004,79.75822133,80.44529904,80.55271513,80.90141028,81.40999821,81.42433275,81.45879776,81.68751061,81.70247797,81.7045598,81.97217518,82.54021732,82.95216643,84.03285358,84.39144044,85.0205093,86.33682247,86.52764795,87.0867455,87.53981172,89.86416514,90.45840927,90.58825598,91.43645003,93.11373714]","[2,3,3,2,2,5,3,2,5,3,3,3,5,5,7,3,1,2,1,0,2,3,0,2,3,2,7,3,1,2,3,7,2,6,1,3,3,7,0,2,1,1,1,0,0,3,1,0,5,1,1,1,0,1,1,2,3,0,1,2,3,1,1,2]"
"[3.09270627,4.15876093,5.83966828,6.17927968,6.59758267,7.25476766,7.74428104,7.95485176,9.71676478,10.62947388,11.19986525,11.8953129,12.15655797,13.08143762,14.07635531,17.06793784,22.4162466,24.15531913,25.61322145,25.95927909,29.1712585,34.31468482,34.99902242,35.04486224,36.53824646,36.73499093,37.31627771,37.6160461,39.44685119,40.57683907,41.04415974,43.08305353,43.59505333,44.16145405,45.16286185,45.26163775,45.66420609,48.60025394,51.49784315,51.83794899,55.41120467,63.19436271,66.93709478,67.5146325,72.97873977,73.64304056,74.26917091,74.39813241,75.85349499,78.19035104,79.14218294,81.49580825,82.85170018,83.48550642,83.89523962,84.16578613,85.55736258,85.63484312,86.26456182,88.13751018,93.12206044,94.40130154,95.96891756,96.21093049]","[3,1,1,0,0,1,5,0,6,1,0,1,6,6,6,7,2,3,2,1,4,3,2,6,1,0,1,0,7,2,0,5,2,3,2,7,4,1,1,4,1,7,2,1,2,0,1,6,2,3,1,6,0,1,5,0,1,0,0,1,1,0,1,1]"
"[13.21990967,13.43948723,15.06169609,16.07181074,18.25414536,18.8970758,19.55872925,20.08920183,20.92034869,21.8399328,21.85810797,22.17898799,22.99260496,23.24416765,25.09397719,25.11446765,25.21735927,25.30487646,25.56597146,25.69733437,25.70185225,25.99199259,26.51205531,26.98296894,27.64550133,27.86802596,27.98059423,28.23844901,28.50138169,29.20321806,29.29411527,29.40131455,30.10271539,30.54773882,31.08079487,31.73894674,33.13351501,33.26275906,33.72912199,34.59899622,35.32629229,37.10813097,37.79468013,38.16867726,39.0246475,41.10435546,50.94508549,52.67616297,52.72023263,52.79288976,55.34787949,55.99075055,58.36962527,58.81084597,60.77014,61.92141341,64.15629142,73.04679158,73.91424733,77.47999612,78.07375613,78.73002424,79.64892874,79.88777097]","[7,1,1,6,6,1,2,3,0,0,2,1,0,1,1,1,6,0,1,0,1,0,0,1,1,0,0,1,1,0,0,1,0,1,0,5,1,5,0,1,1,6,6,0,5,7,2,3,3,6,7,1,2,3,2,0,7,0,5,3,2,7,4,1]"
"[7.43213491,7.83010428,9.62286025,14.56039523,18.04526984,26.67365063,30.01267351,30.7756229,36.35820116,37.10236566,37.86730998,42.10436992,42.43265427,42.78560426,44.77366318,45.71608168,46.08758835,46.13047602,46.8709747,46.90101363,46.93871061,47.21628295,47.65257202,47.86827628,48.02434888,48.601331,48.94381477,49.06273774,49.06540689,50.77759794,52.26255557,52.39182444,53.95472586,54.00998656,54.05763727,56.69994167,57.94513125,59.9563603,60.11516423,65.75863129,67.24222613,70.26542634,72.18594038,74.11079722,74.69133815,76.6532955,76.83070376,77.52541212,78.11845001,78.37039805,78.52254321,78.73811498,78.93750739,79.13636212,79.38622983,79.51667108,80.99778278,81.42556972,81.86905425,81.99072139,82.31228426,82.99867492,83.7662594,84.52420081]","[4,0,6,3,2,2,3,7,2,6,2,5,3,7,1,2,3,0,3,0,0,0,0,1,0,1,1,0,0,0,1,4,1,0,0,1,0,1,2,5,0,1,0,1,0,1,0,0,5,0,1,1,2,0,0,1,1,0,0,1,6,1,0,1]"
"[4.50763098,4.85698235,7.12823478,7.43531405,7.81838362,8.09037509,9.49682954,9.76527414,10.09155032,11.33476354,11.413553,13.18916069,16.74101939,17.88173307,20.2347084,20.44885444,22.01630331,23.73812378,27.26606409,27.32555902,29.24795522,29.92247948,30.37967753,31.63578362,33.24904888,33.92047033,36.54130505,38.3883176,39.94719419,40.50838138,41.75301391,42.06695316,43.77324158,44.54599869,44.59619362,44.80072095,45.20155588,45.63205631,45.9430331,46.09032552,46.15214354,46.47530446,46.83664207,46.84161669,47.27920589,47.37220756,47.51409563,48.27667586,49.25003612,54.84128845,64.77738357,68.04450448,68.16632583,71.75257695,72.40392292,79.32869611,87.75677394,95.98922211,97.80677055,99.01348746,116.15584665,116.48653092,116.5705389,123.84316749]","[0,1,0,1,0,0,1,1,0,1,7,5,7,2,2,3,3,3,1,0,6,0,1,6,5,4,2,5,7,2,3,3,2,3,2,3,3,2,2,2,3,3,2,2,3,5,4,3,7,3,1,5,0,5,4,4,0,6,2,6,1,0,1,4]"
"[3.4662671,4.20571484,6.74136772,8.52197065,10.39772284,10.71688794,10.7452805,10.75792296,15.34944787,20.66172242,21.17404155,22.27873877,24.06166173,24.33080282,26.21967804,27.29631897,28.35393088,29.08437417,30.5433166,33.81245966,34.63061306,35.56002324,42.3951856,44.75777532,45.14049526,47.64522543,48.2754979,54.23931149,54.57372516,55.48899632,58.20516532,58.50814538,58.958293,60.67546506,61.94544106,62.58908903,64.99991428,66.18545629,69.86226253,70.3502412,71.08916089,72.00632485,72.01464812,74.50648511,74.98245165,77.10532555,77.25001788,77.25638139,84.75847604,89.92838163,90.22276135,90.40533031,90.40892618,90.42429105,90.53327401,91.22560978,91.43198605,91.59301756,91.87227119,92.84312577,94.49485416,96.17652456,96.5549175,98.21713333]","[2,3,2,0,0,1,7,1,5,3,3,2,3,2,2,3,4,0,7,2,1,3,2,4,0,5,1,0,1,1,0,5,1,3,4,5,4,5,0,1,3,2,3,2,3,0,1,0,5,0,2,1,1,0,1,0,3,1,0,1,0,1,7,0]"
"[1.32042075,2.37691342,3.74856454,4.99781569,5.49840401,6.86069969,10.09688097,13.01544595,13.9410568,20.66265975,22.63524657,23.40420899,23.68402649,24.64376692,24.81481382,25.08425171,29.48072462,32.6979181,32.85106888,37.78300582,39.52738791,40.52745646,42.35237969,44.19353639,44.21363921,44.75389389,45.01965652,45.33236881,45.63075132,48.62191403,48.65469101,49.22671994,49.63952261,49.87681114,50.00725032,50.04439992,50.14542578,50.26884592,50.90646317,51.11500086,51.16118291,51.97714894,54.95691286,55.88992292,58.39463543,63.24942118,64.55009455,66.58975178,66.59079013,69.30259774,72.16836789,73.3537525,74.72624737,79.23915844,80.9578365,81.74927247,86.26758162,91.0653042,93.6599172,111.76410857,119.679937,120.82439638,122.21395271,122.36311104]","[5,7,7,1,0,1,5,7,7,7,7,7,1,4,2,0,2,1,0,0,5,2,1,7,2,2,3,2,3,2,3,3,5,2,3,3,3,3,3,4,2,3,3,2,0,5,2,2,3,4,6,0,1,1,2,0,5,2,2,7,7,1,0,5]"
"[0.13986274,0.35886428,0.67755051,1.94446154,4.04222623,5.3076486,7.10215991,14.54095671,16.92256575,19.50708524,20.03107963,21.12195192,21.47138392,23.51434779,25.18044947,27.45367781,28.07009869,29.23739972,30.86266227,31.5343917,31.93827194,32.06391052,32.38056301,32.53831558,32.53978696,32.54302964,32.56697577,33.1558039,33.43597965,33.54600211,33.85995183,34.0542806,35.54819119,37.46455971,38.14695986,38.73856696,38.98150926,39.7134199,42.15414986,44.38941107,47.77102658,47.81037565,48.58964594,50.2833055,50.78714124,51.22745751,51.25010586,54.52185261,58.69839524,58.8579765,62.28769962,63.82388442,64.11533063,72.69020132,73.76373434,74.43321798,75.93972429,76.13668133,76.29909961,77.42697361,80.53176454,81.0491741,86.29061728,90.55480664]","[3,3,3,0,7,2,3,7,5,7,0,1,6,0,4,7,1,7,7,3,1,0,1,0,0,1,0,1,0,0,0,1,1,0,0,5,5,6,2,2,0,1,0,3,2,3,2,4,3,5,4,7,2,0,2,1,4,2,0,2,4,4,4,2]"
"[0.54620371,2.7392595,5.04920365,6.73449628,6.88541168,12.64552246,20.4359553,24.52118989,24.75790354,25.56179384,26.55460226,27.14214461,27.18808545,27.97092886,28.26459953,29.8303044,31.82499509,32.21775614,32.34491448,32.50180025,32.70651463,33.13213181,33.43558784,33.86138865,34.22034946,34.75619236,34.90447586,35.16357322,35.64099915,35.91532466,36.08821926,36.34299813,36.35224955,36.66531941,37.20881342,38.05838751,38.13600179,38.19599357,38.49543113,39.21312763,40.18103203,40.85615673,41.35856388,42.76974894,43.14479607,43.89984731,45.0554374,45.66731998,47.84522745,49.95564552,50.09160296,50.21793814,50.22148698,50.31710053,50.40630065,50.55110511,51.07190271,51.43448491,51.66728029,52.57360366,53.80331707,54.03410924,54.59813367,54.73852853]","[5,2,7,4,2,5,2,3,0,1,0,1,3,1,0,2,1,0,2,3,0,3,7,1,3,7,0,1,4,0,1,1,4,7,0,0,0,1,0,0,0,0,0,1,1,0,0,0,2,1,1,7,2,0,3,4,0,1,1,0,0,1,0,1]"
"[11.95251101,12.87439061,19.53697698,19.55129721,19.5632637,21.53883251,21.78378472,22.89515372,23.80287176,24.28757764,24.79511809,24.83421068,25.67326621,34.33265709,37.69391276,37.74314802,38.3020723,52.74112827,60.04824095,61.18956017,62.36782841,63.48039524,63.54704246,66.95890639,68.39070302,72.989986,75.19229054,81.26175681,81.93026297,82.22310611,82.53245255,87.28763722,87.39577963,87.521854,87.81107381,87.83487617,87.9439467,92.08726558,92.61361369,92.74719166,93.7093759,94.04551712,96.66650571,99.39846689,100.08716197,109.85053302,120.29567013,123.54778603,125.06872852,127.65261974,128.81073229,129.4082468,135.3362634,137.27221134,138.06889147,139.35080353,143.67110859,145.28230024,147.0512764,147.17139387,147.9704734,153.36674983,157.03327327,159.96488171]","[2,1,7,1,0,0,1,6,0,1,5,1,0,7,6,4,6,0,6,5,1,0,4,2,2,0,2,1,0,1,0,1,0,1,5,0,0,0,1,0,7,2,2,0,5,6,2,4,2,6,7,1,0,5,1,2,1,0,5,6,6,4,4,5]"
"[4.13149816,5.43514694,6.0780062,6.31873804,9.52941862,10.76599346,10.81970178,18.50656189,19.01426142,23.86002987,24.97340325,25.13190909,26.35082374,29.26572074,30.99705456,31.70798252,31.93514579,32.32791589,32.64923981,32.70208365,32.88982332,35.50349372,36.56561428,37.15401207,37.41926761,38.43336999,38.54646262,38.60774196,38.80514202,39.02500093,39.03143939,39.40147388,40.02569004,40.89777325,41.03213307,41.03787115,41.04930674,41.21918695,41.84810249,42.06237866,42.1382387,42.19004531,42.37245773,42.78064079,43.39137192,43.42655123,44.40888839,44.53206239,45.29891513,45.45133669,45.60154502,45.89224986,45.95830543,46.64000774,47.77281114,48.62639571,50.86889794,52.08964922,52.38567711,53.37109659,53.96923765,55.31407973,56.28916101,56.98954216]","[1,0,4,6,1,7,6,2,3,7,1,2,7,4,0,0,1,1,0,1,0,0,1,0,0,3,1,3,0,5,1,3,1,0,0,1,1,0,2,0,1,0,1,1,1,0,1,0,0,1,0,1,0,0,1,0,1,3,0,1,1,1,0,7]"
"[1.44708761,1.61334921,1.67005763,1.93864833,2.09356996,2.17669774,4.18218362,5.99006225,7.21114044,7.22708787,7.246323,8.05286041,8.0745405,8.91684014,9.16813387,9.61038496,10.32253168,11.2325068,12.38224659,13.0050675,13.37270694,22.99446887,23.10038667,24.04976264,27.0887003,32.5918816,33.59046598,34.42080174,35.65457861,36.46761242,37.6061617,38.23956786,38.30938815,38.32021934,39.23202166,39.34756292,39.54075369,39.78875436,41.09874937,41.79237491,42.46390773,43.36787215,43.91933993,43.92947575,45.26023482,48.87902526,49.52697373,49.719352,50.5291067,50.90990583,51.46222209,52.46360849,53.01504205,53.15859978,53.98829193,54.87794684,55.50112467,58.28831077,58.79736873,59.06126583,60.26501255,65.09099361,65.71967722,69.77236175]","[1,2,1,0,7,7,0,7,0,1,1,1,5,0,0,1,1,0,0,6,7,4,6,1,7,0,1,7,4,7,1,2,0,1,0,1,1,1,1,0,0,0,5,0,1,1,2,0,3,0,2,0,1,0,3,1,0,2,4,0,1,3,3,4]"
"[0.2712666,1.08721065,8.67730863,12.27521856,13.5017416,14.25141627,14.98404808,15.88161349,17.53180694,17.58380648,17.87025226,20.93821417,22.57926526,25.46418193,29.37172669,33.40507107,37.20606763,37.39587492,39.0809094,39.12065973,39.18176407,39.93729566,40.50626676,41.27419688,44.95597313,48.68535366,55.60696402,57.91624895,58.03516927,58.57413789,59.97156097,61.6442284,62.769366,63.38195467,63.63213301,63.99822166,64.11060175,64.13457046,64.48069888,64.50807176,64.5640755,64.58433522,65.00690907,65.05147294,65.34674089,67.51315997,67.85266029,68.14182749,68.62084967,69.71866878,71.41107243,73.45806137,74.32849094,75.35520899,75.69186338,76.61545172,76.66638756,77.23327535,78.68928867,79.48084614,80.27267385,81.62586391,83.13174687,83.17547861]","[2,3,6,7,7,2,3,2,2,3,5,5,4,7,7,4,2,3,4,4,3,0,6,5,7,0,6,0,1,0,0,1,1,0,0,4,7,5,1,1,1,0,0,0,0,0,1,5,0,3,4,0,1,7,0,1,1,2,0,1,0,0,3,2]"
"[2.74012529,7.08741921,8.29419993,8.34511119,8.5845953,9.985033,10.49383185,11.45173849,11.71407781,12.95010048,13.05089934,13.7257844,13.78344194,14.64667278,15.2268731,15.71830499,16.43536707,17.80565942,19.56744598,19.86247169,20.78103126,20.88025634,21.03021987,21.78956492,22.60822843,23.01531937,23.18106783,23.79962774,25.60479661,26.73820386,26.78270055,27.40264502,30.52422323,33.65933846,33.80018563,35.77017795,40.17658772,46.35630297,46.39324295,49.40695192,49.91347647,51.1983687,58.45062561,59.24629184,60.92637857,64.27838294,68.72960546,69.0383358,70.01540321,70.99725155,72.35850952,72.89991151,74.0091588,74.08190553,74.45654625,74.67159982,77.31675243,78.12283599,78.39316116,79.79075869,80.11697662,81.36948174,86.49842116,87.25846744]","[1,7,0,1,1,0,0,1,6,0,1,2,1,0,1,7,7,1,7,1,0,1,1,3,2,0,7,4,2,1,1,7,7,1,0,1,3,5,2,7,0,6,1,0,0,2,6,7,1,0,0,3,2,2,3,2,3,0,5,1,4,0,5,0]"
"[5.0173379,14.21042753,20.97294482,23.19184698,26.29204237,28.7534957,32.74215709,34.42557635,41.17673232,42.77117513,43.68742035,43.75156298,46.12228026,46.66158407,54.1242104,55.61434967,55.83376164,57.00908765,60.68402712,68.7025289,84.66348222,88.20177547,88.69116953,89.91688301,90.23334898,91.01139238,91.98222959,94.10820822,95.03199314,95.77584063,98.02758069,98.85533076,98.96557013,99.47054246,99.62077362,100.30312287,100.5767199,100.92564958,101.44127867,101.81436121,101.9407055,102.04251398,102.75846758,102.88091455,112.36213797,112.62902817,113.12363886,115.15605055,115.76816624,116.09932279,119.79000067,120.27447998,120.95995282,120.98228441,121.46215355,121.58773471,121.85048496,122.05741885,123.13873616,125.84316885,126.08285065,130.14368867,133.42335828,134.64144676]","[5,3,4,2,2,2,2,5,7,2,3,3,6,2,1,0,1,1,7,2,3,2,3,0,1,0,6,2,7,1,3,3,1,0,0,1,2,0,1,2,7,0,4,1,0,2,1,3,7,2,3,2,1,3,4,0,2,3,7,1,4,7,1,0]"
"[5.39974564,6.3278029,10.42963215,10.52287631,11.65641207,11.86419156,12.99209222,13.27677997,13.68485079,18.02256057,18.33918467,22.92306526,30.81475086,33.90224684,36.67128178,40.63726151,44.90650991,46.11210146,47.01413499,48.29948356,50.28932992,50.46393618,51.30166036,51.79951947,51.88800178,51.91403909,52.26613018,52.72778659,53.76781043,54.34015251,54.67544157,55.16109459,55.41208625,56.12132395,56.42412947,56.58019377,56.60623004,56.73037645,56.89213907,57.61201883,57.71487943,58.38064892,58.45020092,58.99991421,59.22065521,59.63792265,59.70827509,59.89736715,60.02405739,60.58992539,60.60804065,61.25711687,61.3239563,61.61788605,61.72800295,62.56580845,64.11637638,64.872565,65.23260357,67.3927777,68.82534027,68.98276906,70.37884577,71.34246222]","[5,7,1,1,0,1,0,1,0,2,1,5,5,7,1,2,7,0,1,1,0,3,0,1,0,1,0,7,1,4,0,0,2,7,2,2,1,0,0,1,2,3,0,0,3,1,0,3,3,2,4,1,1,0,0,3,7,0,0,2,1,0,0,6]"
"[11.07058119,16.28284194,16.94226205,17.58259504,18.0265611,18.30254311,18.6799265,19.27390191,19.8307164,20.21501983,20.84637497,21.54957168,22.16391952,22.36449651,22.84191617,23.09652955,23.57097832,23.89772259,24.29738866,30.31680596,30.55207378,31.72541883,32.61834922,32.76703086,33.36346591,33.61588796,34.52227065,35.0428705,36.44660917,38.33002346,44.02121545,45.38752303,53.59946736,53.7905099,54.67871892,56.50677574,58.49680422,61.2380867,61.40070663,64.57195559,64.79698696,64.99421725,65.27548996,65.40187765,65.46892791,65.75646476,65.89821846,66.35611851,66.39643023,66.45940129,66.68607188,66.73266942,66.99272723,67.32018148,67.88158699,67.89040641,68.40413996,69.08746439,69.27956359,70.29317449,70.75540591,70.75871926,70.80780106,70.97301145]","[5,2,7,2,3,4,4,3,2,3,3,6,2,2,2,2,3,1,3,7,2,1,2,3,5,0,2,5,3,4,6,7,2,3,3,1,7,1,0,0,3,1,1,0,1,0,1,0,2,1,0,1,0,1,1,1,2,3,0,5,0,0,1,0]"
"[0.45570645,1.05814841,1.26786512,4.31529305,4.7565932,5.32016762,5.74070792,5.89316538,6.26318499,18.77875982,28.99304703,29.50680701,29.7490946,29.77770344,30.68619848,30.8755959,31.49837564,32.02835234,32.81134363,33.01365075,33.07218363,33.09493781,33.52485107,33.58449477,40.96036999,41.23537526,41.2721113,42.46761121,46.9874133,48.58066621,54.0735175,56.6488078,57.28986226,68.32738057,72.08736891,72.3675182,74.73861858,75.38847759,79.28987665,82.70448987,86.98192821,88.34748721,89.38662565,92.06627031,92.55360938,93.17001639,93.28997218,94.67137916,95.75898066,97.58413852,99.34160305,99.94695774,100.10214634,100.83193699,101.51212848,102.13018675,106.02703157,108.90400333,110.27268306,111.1829201,113.42766753,113.95075584,117.38581815,126.74755332]","[5,5,7,7,1,0,7,1,2,2,1,0,1,0,0,0,1,6,1,0,0,1,4,0,3,1,0,5,4,0,7,7,7,7,2,5,2,2,3,0,2,0,3,2,3,7,1,3,1,5,0,7,4,0,0,5,1,0,1,6,1,0,5,6]"
"[0.32271672,2.6737693,2.93240714,11.66389635,12.36772859,12.65381329,12.70053461,13.55589543,14.28456026,14.79635519,17.13247782,18.8013682,18.89215044,19.19595692,19.31523217,20.39611386,20.60917969,21.19160944,22.35434411,22.37562302,22.47889512,24.21428645,25.10277779,26.3186015,26.42179424,26.52155485,26.9146139,27.9018894,28.10272827,28.20418339,28.30627556,29.47188867,29.84844062,29.97935518,30.39221308,30.60830284,30.66440037,30.78765654,31.21975498,31.30484694,31.42314781,31.58796915,31.59815805,32.65932734,33.42704564,34.44422453,35.31588161,35.41920248,35.66200205,35.8801125,36.03395293,36.242765,36.69168054,37.65906489,38.44702875,38.69415913,39.08632911,39.2602696,41.34644792,43.4617902,45.7292538,46.98667328,47.74553896,47.97972478]","[0,5,1,1,0,0,0,4,1,0,1,7,0,1,2,1,7,1,0,2,1,0,5,1,0,1,0,1,0,1,1,0,0,7,0,0,1,0,1,1,0,0,1,2,1,0,0,1,0,1,0,7,1,5,1,0,1,0,1,0,0,1,5,7]"
"[0.65474827,4.98366759,6.07852694,14.43590903,17.02722246,17.03199448,18.09029593,19.1054136,19.24306803,19.52340455,21.03526165,22.29883684,24.24691651,24.32998723,25.1751265,25.58211619,26.22993442,28.85852139,29.61585826,32.55959345,33.31969979,34.17634289,34.42024139,34.73038765,50.12967107,50.2061653,53.07730213,56.67672557,58.11713738,59.30861912,61.36577901,65.04796874,65.17599133,65.99793633,69.60572992,70.93012687,77.484401,77.67635839,81.04198669,81.05154635,81.3293542,83.22647091,84.0409106,94.45080735,97.02029103,97.41824824,99.40224432,101.45094079,109.66028581,119.26024461,119.40304785,123.0602704,126.77040159,127.15888,139.98718313,140.63698696,140.66523695,145.67982157,145.84751316,147.40900339,147.41879814,147.6291009,148.81170968,150.04394094]","[5,7,5,2,3,2,6,2,3,6,4,1,0,1,7,1,0,0,0,2,3,6,6,3,2,1,0,5,2,7,1,5,5,4,6,0,2,0,1,0,7,6,7,0,1,0,0,7,2,1,7,0,3,4,7,4,1,4,6,1,7,7,2,7]"
"[1.84996423,7.68239688,7.82643739,13.47239199,18.2303851,19.12000019,19.38274718,19.65872384,19.9523022,20.4110287,21.69262447,23.16135697,23.23840795,25.81317658,25.85705403,26.25471666,28.88303457,30.67106414,32.2862194,32.48941081,33.67534851,40.25804846,43.04611491,45.85251985,51.91097119,59.284512,66.94388769,69.51368654,69.80209143,72.34429993,74.20603105,79.60646397,80.82079217,81.28508181,81.56306455,81.56430997,81.73580538,82.0129185,82.46663124,82.85538396,82.8616722,83.11341708,83.27987212,84.21061102,85.41746929,85.58071564,85.75838994,86.15745897,86.42145968,86.75797351,87.58270037,87.93226097,88.21884822,88.47249009,88.98889156,89.8386186,90.75215182,91.33649327,91.47449793,92.55128288,92.56290954,92.91515541,94.55606988,94.5796212]","[5,3,3,5,1,0,7,0,6,0,2,1,3,3,0,2,1,0,3,2,3,0,1,0,5,0,6,7,2,1,4,4,1,0,1,0,1,0,0,1,0,1,0,0,1,1,0,1,1,7,0,0,1,1,0,0,1,0,0,1,0,4,1,0]"
"[0.48596522,1.66162402,1.80699947,1.83645024,2.07281791,2.4087709,3.28419315,6.86242167,7.47316138,7.8042533,8.01726269,8.32127799,8.90289855,8.90889685,9.04479966,9.04743834,9.4963961,10.01847517,10.01955089,10.08249747,10.32257369,10.3227494,10.37658092,10.45011162,10.54829915,10.62865031,10.71428573,10.83367185,10.91109541,10.93890315,11.67623635,11.70308691,11.89163693,12.06235082,12.56848174,12.60549119,12.71220753,12.9363722,13.03697749,13.10361739,13.1349939,13.1720936,13.49128663,13.81791899,13.89327742,14.06705697,14.37587023,14.76004177,14.78372384,15.65194464,15.74884609,15.93971554,16.19427529,16.37469565,16.39545181,16.4819421,16.53897103,16.95412856,17.7681998,18.46229871,18.61622149,18.93175587,19.35722728,19.36184841]","[4,0,1,1,1,1,0,4,0,3,1,1,0,0,3,1,7,0,2,1,6,1,0,0,0,0,0,1,1,1,1,1,0,1,0,1,1,0,5,1,0,1,1,1,0,1,1,1,1,0,1,1,1,0,0,4,0,2,0,1,1,6,0,1]"
"[2.58292306,3.0142038,4.86887717,9.18846353,21.07528302,21.72454425,22.61904728,23.21356032,23.338128,23.7644088,24.32231247,24.70861466,25.3315015,25.95942859,26.17348923,26.49078116,27.01600222,27.45073411,27.50845873,27.63538639,27.75480217,28.57111105,33.75810951,34.24916349,34.6800737,40.51213058,46.95447181,48.04532004,48.06627855,50.03462575,50.05270502,52.10928255,52.21603311,63.29819648,66.04025536,66.61102943,66.62132992,69.23801538,75.94007567,81.25126938,86.94487367,88.34142293,93.08175049,93.70518302,93.82819051,94.9338922,95.68215056,99.29422429,100.43470951,100.83041492,101.82834579,102.42714846,103.28129649,103.78759275,104.94136618,105.16233513,106.06225784,107.18174937,107.37429005,107.67371028,107.97774029,108.06642025,108.87809776,108.94338548]","[2,4,5,2,0,5,4,2,1,0,5,0,0,1,0,1,1,0,0,0,0,1,2,4,3,0,0,1,0,3,1,2,6,7,1,0,0,5,5,6,2,6,2,5,3,4,6,2,3,3,0,3,3,3,3,1,0,7,2,3,0,2,1,0]"
"[0.37302266,2.67040813,6.66862658,7.34311384,8.45039754,10.01700684,16.99678167,17.22848646,18.19502866,23.29663225,32.04131635,38.02512998,39.262915,49.16449571,54.17471831,55.54889362,56.26046488,63.84567818,64.13675986,65.37563434,67.82728279,68.46366288,69.01629445,69.1906664,71.8003582,75.67211969,76.61664198,81.00732514,81.3987311,86.6238412,86.83744077,87.64097416,87.71596329,88.54131011,88.71305872,98.89614482,100.42347215,100.94594877,102.39511702,106.73036468,107.40332893,114.69309209,114.79924118,115.20992944,115.26637664,116.0700605,116.11982985,118.33108783,119.94610043,121.53298266,127.87412627,127.90800267,130.69962499,130.72015867,131.03079519,132.069742,134.39195962,139.43718285,142.38010611,150.51751755,162.27070224,169.29802236,172.19056,172.63276862]","[5,5,2,7,5,7,0,1,1,1,2,2,3,7,3,2,2,6,0,2,0,1,0,0,6,2,7,3,7,0,1,1,0,0,1,7,4,2,5,7,2,7,1,4,3,0,1,6,6,0,2,2,4,2,0,1,0,4,3,2,2,1,0,4]"
"[0.11756299,0.93983535,1.82743765,2.76152564,2.96083597,3.46402112,4.80302364,5.08024041,5.90537988,6.11374713,6.36296669,7.70637877,8.42751231,9.0564506,9.11044403,9.21795343,9.25993883,9.59010061,9.75493281,9.96517506,10.22008391,10.97203813,11.84868636,12.73762567,13.06643685,13.33465897,13.55631873,14.10178742,14.30780672,14.74921672,14.84413739,15.02845454,17.3013053,18.30662192,23.259115,24.37477039,24.45236534,24.57093853,25.61829049,25.94636026,25.98334494,27.53586462,28.3583722,29.53485925,29.73296352,29.88266195,30.22959407,30.28724292,30.31681588,30.48427272,30.77652895,30.98551681,32.79662863,32.94267718,34.98352008,34.98804609,35.45282771,35.59651609,35.60255375,35.63751457,35.97286218,36.03755087,36.46623373,36.55435428]","[1,0,5,2,2,3,3,1,4,0,1,1,5,6,0,1,5,1,3,0,1,1,2,0,0,3,1,2,1,3,1,0,0,2,5,5,0,1,1,0,0,1,1,0,1,0,1,0,0,0,1,0,0,1,2,3,3,0,3,1,0,2,1,0]"
"[0.33417467,17.24725925,18.2173869,22.50555869,22.7477073,23.16083116,23.53058679,23.76835886,24.00972647,32.1731409,32.50447928,33.23762655,34.62521399,36.8652386,38.95459142,40.54367471,45.66367326,46.19268706,49.01823795,51.36432271,51.98181572,52.12311517,54.53103054,55.3796025,55.81842344,56.04148724,56.21098772,57.02678695,57.4810606,58.30950948,58.58808493,58.97265469,59.54633107,60.74027747,62.84781603,70.0052709,70.97802736,71.58372182,83.5830904,90.18631994,90.2757582,90.75312121,90.76227639,92.33667467,94.05972315,96.6679241,99.16816732,100.99603395,104.70835881,105.58907207,112.03896577,112.1699635,113.61162303,115.34418585,119.2472741,121.04609634,123.67190465,126.77441029,128.29420205,130.23020855,131.4678061,133.77768897,133.91564349,134.17367816]","[1,2,0,0,1,1,0,7,2,2,2,4,0,6,5,2,1,0,2,7,3,7,1,4,0,1,0,4,1,0,1,0,0,0,1,0,1,6,4,0,1,0,1,3,1,0,5,3,5,3,1,0,0,7,7,4,6,7,1,2,2,3,4,2]"
"[4.38725655,9.02256894,9.28299693,9.97887352,10.96062115,25.16255637,28.16447557,30.56918856,30.9012648,31.64199391,32.43776354,32.45006876,32.6296508,33.29621564,33.30670943,33.72819609,34.39001214,35.22468757,35.4861095,35.57962178,36.1658547,36.20178977,36.62572366,36.90179738,37.18095493,37.81622914,38.02066553,38.02782264,38.2678431,38.60730368,39.55341547,39.91251878,41.2436771,45.46342641,54.46962397,57.41085764,60.96688146,61.57597549,62.1076433,63.24672403,64.84805617,68.8117493,76.66442202,76.95671267,86.07141211,86.11662882,94.13585482,95.21669448,95.5093881,96.03490378,96.13931413,102.88965157,104.30297033,106.66942772,110.44111045,112.88814331,113.88519191,115.78330434,115.96053702,121.95679715,122.22719306,122.33038683,122.8707466,124.24350581]","[1,0,2,3,7,7,1,0,1,1,2,0,0,1,1,0,1,1,0,2,1,1,2,0,0,2,0,1,3,0,4,0,1,1,6,7,0,1,7,1,0,7,7,2,3,6,6,0,6,1,7,2,3,3,2,3,3,1,4,0,6,1,1,0]"
"[3.08267321,3.21770152,3.62666643,6.25564926,7.69663366,8.50208315,12.26725254,18.09238442,20.68525283,24.1809921,24.35377877,26.67467777,29.79893797,30.42821205,33.25450704,39.48762908,39.4972972,45.61268084,46.45277278,49.10777495,50.20748681,51.07806717,51.97549896,53.52103106,53.56946704,53.81770624,55.53827184,55.80178975,56.07215938,56.13913301,59.36166975,60.1174609,60.26888226,60.75616742,60.82037697,63.04793029,64.20575656,64.22932971,64.4870867,71.61327086,72.84987171,73.34872357,73.3597765,74.80181068,77.34332357,80.85654074,82.33424093,83.00110326,83.75229952,83.88831154,87.56637356,88.01303762,92.37471865,94.96144707,95.57669331,96.0162198,96.94908025,97.74659876,99.27394351,99.56494873,99.6663269,99.88762363,100.09669429,101.45704607]","[0,3,4,1,2,2,1,1,0,1,0,2,6,6,7,2,3,5,1,2,5,2,3,2,6,6,2,3,2,2,7,4,2,3,2,1,0,1,3,0,7,2,2,6,0,4,2,3,3,4,6,3,6,2,3,3,3,3,4,2,3,2,3,3]"
"[0.62662392,5.05835019,7.20746045,8.58076931,8.72043562,9.41439618,9.86865408,10.55958397,11.92527054,14.2140435,17.09235871,17.60056878,18.71943916,18.75462139,19.2378426,24.67212766,24.79802054,24.88301516,25.36450346,25.65198065,25.65770488,25.9288202,26.83904651,28.04183693,28.44195449,29.39223127,30.02632989,30.06743502,30.84595158,31.04426519,31.10512381,31.12799339,31.23372823,31.36221847,32.24190555,32.38593807,32.70047501,32.7255211,32.73287493,32.98798035,33.6185987,33.92036333,34.52229855,34.73905182,34.78068146,35.27522216,36.75777777,37.21272536,40.57730987,41.39816316,44.9762101,46.27874624,47.10618061,47.2910871,48.31345314,48.9012995,49.20703287,50.02429376,50.16107623,50.17137458,51.51187608,51.59699431,51.68267622,51.82761731]","[7,4,1,1,0,1,1,0,1,0,5,0,0,1,5,0,1,1,2,0,0,1,1,0,1,0,1,0,0,0,1,1,1,1,0,1,0,1,0,0,1,7,1,1,0,1,7,0,0,1,4,5,0,4,1,3,0,1,7,5,1,0,1,3]"
"[10.78093774,16.97719637,17.70560508,18.28315124,18.39872955,20.58486306,20.92673611,22.59382729,24.21925663,24.31160638,25.86329379,28.96221876,31.0214356,31.52594875,32.27517002,32.54234961,33.53269048,33.76611731,33.81179369,38.00682421,40.22032838,41.5696308,42.2195431,42.92896594,43.31060046,43.60090641,44.62944122,44.80334408,44.88731212,45.13096239,45.5575655,46.40777723,46.89663796,47.60151093,47.83317926,48.930005,49.64287266,51.73101554,51.90878809,58.30726266,61.29167136,61.87631164,62.03525186,62.3259666,62.61480331,63.12990394,63.18120746,63.34383387,63.95661109,64.1311492,64.52218763,65.43849888,66.59582038,67.21053698,68.0705142,68.30714824,68.86084865,72.57482995,72.6109813,72.69053882,72.83740522,73.63816247,73.74567453,73.932783]","[4,1,1,0,5,1,0,1,3,5,0,1,2,1,3,2,0,1,0,4,4,1,0,0,1,5,6,1,0,3,1,1,0,0,1,0,1,0,7,6,0,0,1,1,0,0,0,1,1,0,0,1,1,4,0,1,0,1,0,1,0,0,2,1]"
"[1.61244289,3.69436277,6.55371888,7.25705855,13.67129628,19.00486892,19.00545412,21.61738674,24.15228099,24.82711191,25.02933129,25.38081181,27.56985877,34.51757245,34.77695889,36.23187217,37.51750649,37.99162533,41.35707124,41.44397935,42.11468683,43.90590264,44.13400643,44.25604038,44.78168254,45.01865373,59.32953797,63.30322472,65.04062137,66.34864226,66.99629328,68.9580381,70.22353486,70.38380672,73.35101448,74.49611092,74.6908492,75.72721946,75.96095244,77.32281407,77.98815642,78.85256491,80.97240327,81.12451004,81.19665622,81.6639962,82.53936307,83.05348808,83.91436991,84.25550162,84.72759665,85.43195046,87.27338344,92.62696666,94.57008895,97.62845621,97.79597381,98.94806912,98.98378659,99.86742194,101.23616476,101.36822186,101.63180282,101.92046601]","[3,4,1,0,0,5,7,2,2,3,0,1,6,0,1,0,0,1,1,0,1,1,1,1,2,4,2,6,2,1,2,7,0,1,0,1,0,2,3,0,1,6,7,5,1,2,3,0,2,3,2,3,1,6,4,0,1,2,2,2,2,1,3,0]"
"[4.22109112,4.59765952,5.50288942,5.92561349,5.99574739,7.75772021,8.42380507,10.93414072,12.99951901,13.7503637,16.66829271,23.36639976,28.23380039,28.94925297,30.82514548,31.3633705,32.55521177,33.42950411,33.51704649,33.75375855,34.61510352,36.69783894,37.12157807,37.18277671,51.53921163,52.19323408,57.78090338,58.73602606,60.43200411,61.24774809,64.87267732,65.93551691,66.37619699,68.71105289,69.19293346,70.15440801,74.88328888,78.43538523,78.46939589,87.88287811,89.21099893,95.97583271,96.20768034,99.69392719,102.13624137,105.11026316,105.70978791,105.95994458,107.88045638,112.69750342,116.37701247,117.79931317,126.7239593,128.16767361,130.57133059,131.56918733,132.14596262,135.25106007,135.63572501,135.72357689,138.07930721,140.79710303,143.66521757,144.06803731]","[2,7,2,3,6,1,2,2,6,3,6,5,2,3,5,7,2,3,2,5,2,7,5,5,6,1,5,4,1,0,1,0,1,5,2,0,1,7,2,5,2,2,3,2,6,5,5,3,2,5,7,4,0,6,2,3,6,4,5,5,4,5,2,0]"
"[3.12808607,3.20323229,3.76566292,5.75845236,6.65695277,8.56476316,8.80033616,10.13871188,12.20391467,22.75224455,23.97426454,24.81202572,25.2006097,25.5083354,28.19508671,29.21638115,33.41980514,33.53397675,33.77577435,37.2106309,37.96348258,39.29880447,42.36690432,44.12451075,45.18177483,45.88739853,48.66550588,49.69928075,50.51157183,52.48518286,52.48935394,52.92990857,52.96513551,53.46334474,55.84224442,56.27725297,56.28409046,56.80359809,56.92923445,57.75961128,61.78126923,61.79286448,62.49762587,62.92985845,63.28276285,63.53435594,64.55673983,64.70060003,67.63927863,68.75065304,68.89523479,74.66525189,77.07311075,77.09601264,77.19481489,77.96441098,78.15437404,80.20711662,80.58774747,80.75434719,80.84473142,81.24800292,81.26073326,81.86066619]","[1,0,1,0,4,0,4,4,0,2,1,0,1,1,0,1,1,0,6,5,3,7,5,1,0,6,0,2,7,2,0,5,1,0,1,0,1,1,0,7,1,0,0,1,0,1,0,0,1,5,7,2,2,1,0,1,3,0,5,1,0,0,2,1]"
"[4.59187001,5.13623268,8.52752991,12.1929211,12.49579762,14.04124485,14.05961206,14.51532319,18.07869458,18.7485858,18.82612297,18.89235602,20.74657565,20.99328552,21.43786337,22.96313192,26.79681981,29.55269536,36.462291,39.51948637,40.98822497,41.37381916,42.95477532,46.35902064,46.40745453,48.1532375,52.10291984,53.64736002,54.83357428,55.60375082,57.1335385,57.40967645,58.41512144,59.02261435,59.22753311,60.79226551,61.33739139,62.60249491,63.08536016,63.09295482,63.33846413,64.87356115,66.13337132,66.42037121,66.63947739,66.91282782,67.19967239,67.28636024,67.37789807,67.61227051,67.98671447,68.05603698,68.64074854,69.23728942,69.31853025,69.38176396,69.78942012,70.00443838,70.00949723,70.14964275,71.26389652,71.7501805,71.90346108,72.46587369]","[4,3,4,0,5,1,2,7,0,1,1,0,1,1,1,0,7,3,0,7,7,5,5,1,2,5,0,1,0,3,7,1,3,5,7,1,0,0,1,4,0,1,0,1,1,0,1,1,0,7,0,0,1,0,2,1,0,0,0,1,1,1,1,1]"
"[0.33091164,0.84751185,1.14685246,8.98923761,14.32023976,15.70786419,23.00422046,24.73752279,25.47271244,26.36543395,29.7348425,38.61536264,38.65919488,39.22256864,39.2990165,40.62190756,41.55805363,41.67504539,42.10453811,42.23155688,43.10975882,43.70490623,45.13742992,45.84163068,46.44429622,48.22214351,50.09176645,50.13150916,50.21794244,50.33768714,50.75573022,51.82463542,53.81994991,54.57390382,55.07824405,55.59086946,59.68498551,61.99250583,62.68969131,62.84124339,63.32970908,65.83561098,65.87194685,67.85051223,68.05833988,68.52201908,71.16533476,71.39266628,71.91494371,71.93783194,73.00815512,74.9533008,86.49094504,86.99650454,92.27075046,92.56212401,92.58098391,95.73868864,100.91429755,101.75410116,102.6388661,104.48872477,105.70830097,106.10249113]","[7,7,7,1,0,1,0,2,2,3,2,3,5,2,3,2,3,1,3,0,3,0,0,1,1,4,0,1,1,0,1,1,0,0,1,0,1,0,1,5,7,6,0,0,1,0,3,2,3,1,7,3,1,3,0,1,7,0,2,3,3,5,4,3]"
"[0.77746419,6.01684265,7.30382497,9.32084928,10.57637566,12.6007432,13.04983509,15.4815469,15.62146011,16.49903135,18.16512952,19.43463207,20.24859643,20.48185678,21.01720245,21.32295688,21.51124914,21.8416991,23.76760417,23.91944449,24.56172261,25.31632412,25.74282623,26.39442734,32.08267704,33.49366341,34.48263357,34.72405883,36.42639473,36.43197477,36.57961484,36.92192851,38.15305778,38.65003516,40.17358161,41.50603897,42.2179656,42.51548483,43.11640511,43.24451385,53.43283802,55.32469493,56.0599941,56.97083003,57.51774558,57.67546301,57.83029691,58.20563549,58.60232664,58.80153876,58.88546525,60.5370932,60.7008557,61.01428909,63.46655884,64.04913751,64.36094683,64.80782026,65.03969007,66.44783703,66.45682123,66.61417918,66.62609686,66.80113423]","[5,2,4,7,2,7,3,2,3,2,0,1,1,0,3,2,0,0,3,0,1,7,7,0,2,1,7,3,2,1,0,1,1,4,0,0,0,4,5,7,2,3,7,2,3,3,7,2,2,3,4,2,4,2,3,2,2,1,7,1,0,1,1,0]"
"[6.12514842,11.90161739,17.19948226,23.76194282,26.89736156,38.59072582,39.50590105,39.65942513,39.78738315,39.84387593,43.3966593,43.56620164,43.86710707,45.43141376,46.16880808,47.4888197,47.88157622,52.51239139,54.9964381,55.91956135,56.14481332,56.59699203,57.61923054,57.97684357,60.17110752,61.5998055,61.67357095,64.55929836,66.69996337,68.97730641,69.52089101,69.87113872,70.37980035,71.31205325,71.7922382,73.43549025,74.3948185,74.60673658,75.18724931,76.40885608,77.97711422,79.52464356,80.97323413,84.15817736,85.16871181,86.9696871,94.51152456,94.65948776,98.69400172,103.44924287,103.81038689,104.51025162,107.9867924,114.41310674,114.7461975,115.93308962,116.60066969,116.84705836,117.97044411,118.67045009,119.57456005,120.43857678,121.28290503,121.7130913]","[2,6,2,5,3,6,5,1,7,2,1,0,3,0,0,2,2,4,0,6,1,0,5,1,7,1,1,1,5,7,6,7,6,1,1,0,3,5,1,7,0,1,0,1,0,6,3,5,2,5,7,3,1,3,2,2,3,3,3,5,2,3,6,3]"
"[1.29795475,2.17022419,3.07799459,11.13337468,11.94898191,16.58970056,21.59253866,22.67249869,22.84122444,23.32596447,23.47468705,23.61107319,24.93880146,24.96084501,32.2064594,33.21890612,37.12960665,38.51034937,39.589681,41.14531273,41.14573868,41.24373409,43.4914356,46.24451985,47.18366744,47.26222769,47.82970961,48.28594159,49.53426444,50.9840872,53.53173667,54.27085153,55.91743143,56.01519759,57.50073914,57.79843277,61.91956781,62.46381084,65.66418257,66.70141507,66.95675947,66.9659257,67.42102197,67.70700093,68.12688927,68.32333176,77.64684889,78.27381334,78.28973381,79.21158606,79.93492543,80.97625659,81.04487019,81.4098679,81.43702857,81.70803796,82.26881013,83.61270015,87.64822891,87.76167579,88.45547208,88.86558379,92.96475633,94.5904551]","[3,2,2,6,6,5,2,7,0,1,0,0,0,4,3,2,5,7,3,3,3,4,4,1,0,1,0,0,6,7,2,2,5,1,0,2,0,6,0,1,1,0,1,4,0,6,3,0,1,0,1,0,1,0,6,0,6,1,0,1,1,4,0,1]"
"[3.68738866,5.9667789,7.20978814,8.37108804,8.52730719,8.79270358,8.93752893,9.40342357,9.53577855,9.64580367,9.69200033,10.45748071,10.61315922,10.62075559,10.84346027,14.4445448,15.80759441,17.12376242,17.59302195,20.15017132,21.16833649,23.7425846,24.14412751,24.76371568,25.65332462,27.77135298,28.04799464,31.4047875,32.18278482,36.4021725,37.53555855,38.65063537,38.77273997,39.20405816,42.92045338,49.12869654,62.4231003,64.05372852,69.13846427,70.87998552,70.96548291,71.5612131,71.67243139,74.19580486,75.67834471,75.73183424,81.84306952,86.24044718,86.62561472,86.65814383,87.29249292,88.31796863,88.62493903,89.55914794,89.58892631,89.82680994,89.94144008,92.85096499,93.40457915,95.37916719,96.02349088,97.67365493,98.32183153,99.8820091]","[1,4,4,4,7,0,1,1,6,0,2,3,3,4,1,1,4,0,5,3,4,4,1,0,0,7,4,6,2,2,3,5,0,3,7,4,2,5,1,1,0,1,1,1,7,0,3,1,2,0,3,2,7,7,0,0,1,4,6,0,7,3,7,6]"
"[1.39944699,4.73924886,5.96715788,6.14649935,6.25250003,6.88019247,7.2005641,7.2106769,7.23902,7.54842807,7.94491317,8.44159994,9.71713568,16.01156038,16.6820736,23.71735153,24.34278788,24.66843165,26.519176,27.44847546,29.27617898,34.64165084,35.51605302,36.94266782,38.74057253,39.26089143,41.85951317,43.01815328,43.83744296,45.42793447,45.73090201,45.80149627,46.07877034,47.24506288,47.5740013,61.50646321,61.52987743,62.62546752,63.3624061,64.49144908,72.01648334,80.38251606,82.068733,88.79833096,90.18127367,94.38369066,94.86640902,95.47402318,95.59803989,95.89617999,96.18080202,97.4477371,98.67710352,99.79336779,100.83553009,101.9128796,103.32364206,103.83858785,104.0641229,104.29528359,104.35872671,104.92691365,105.34244218,105.55421903]","[2,1,4,3,7,0,2,1,2,0,1,2,3,5,1,1,1,0,1,6,1,4,6,4,1,0,0,1,0,0,1,0,0,1,5,2,3,3,3,2,5,5,5,6,2,0,6,1,0,0,1,1,7,7,2,3,1,0,0,1,1,0,0,1]"
"[0.25976472,0.31133191,4.26366458,7.58350969,22.9893933,25.77525894,29.83089859,29.93911206,31.06882896,31.15432061,32.93545085,35.0687731,36.95261348,54.56228792,55.52103128,55.52806394,55.75175253,56.32326305,56.8048592,57.26489018,57.55097491,58.60766815,58.9417469,59.17554712,60.08801275,60.6308197,60.78563018,61.22479348,61.61974164,61.87833769,62.0106256,62.03828458,62.42468315,62.66208988,62.73093929,62.73923428,62.94858835,63.88464132,64.00381231,64.34067022,64.66116324,65.58638504,66.16716898,66.55524418,69.1269448,70.0321874,70.1991483,73.72170503,74.0176294,75.00373039,77.75711228,79.52069947,80.4001379,80.47653272,80.74127762,83.78087464,83.87662573,84.17593364,84.32324669,84.35779198,85.36734216,86.68766982,87.57368735,89.73773483]","[5,0,4,6,2,4,4,5,5,6,0,7,4,1,0,1,0,1,0,0,1,1,0,3,2,1,3,0,0,1,1,1,0,1,0,0,1,7,1,5,1,3,0,1,5,2,5,3,1,5,0,3,0,1,5,3,0,3,3,3,1,2,2,7]"
"[6.23117641,7.0689421,8.07116613,8.76560329,8.80500141,9.48933666,9.71590132,10.15979193,10.43336321,12.06053522,14.91342684,15.00104753,15.08211638,15.13354278,17.12430749,18.44295392,18.58260946,18.64205876,18.87449731,19.30943982,19.44167472,23.27149841,23.79297651,26.78424585,28.74459768,35.23232075,36.42528165,39.53549466,41.17881279,41.70715481,41.75644277,42.18179794,42.77035667,44.14230309,44.21639086,45.65201536,47.55495943,50.7208153,51.20276328,53.31420943,53.52581792,55.69406916,57.4431046,60.08993267,60.15169631,61.22625065,61.94160071,62.28200641,63.55740708,63.76000744,64.66030408,65.08279833,66.84012182,69.3658837,74.94883047,75.91659324,76.84128264,77.49846455,77.63413121,77.99798185,78.03954679,78.24136785,81.96203299,84.08796284]","[1,1,2,0,3,2,1,3,1,0,1,6,7,0,3,1,0,7,1,2,0,6,0,1,2,5,4,2,2,2,5,2,3,7,2,3,3,2,5,7,5,7,3,7,1,1,0,0,1,7,1,7,5,7,0,1,0,6,1,3,2,0,4,1]"
"[3.48529858,6.71830782,7.91493749,12.08415179,13.55542184,13.58347293,14.81408517,17.7352142,19.97616553,20.23579801,22.81964529,29.15328156,29.49737541,30.32387319,33.3559861,34.79408476,44.31648339,45.16034258,45.24827476,46.09531315,46.51363836,47.50175372,47.87177207,48.70474616,49.14745228,49.20464997,50.14963899,51.05898092,51.10771874,51.31797318,51.3385348,51.89353186,52.01649308,52.25220165,54.44435212,54.58443583,55.38578887,59.39918988,60.42699436,64.69440244,69.65257708,69.80412307,78.81905105,80.58575323,80.7391968,82.82630773,88.62306559,93.54326584,93.5507987,93.6781299,95.25478483,96.5419561,97.9389912,98.69122496,101.91282212,102.87583339,103.84584524,105.15928563,106.80350299,107.21289352,115.81588439,117.20537197,118.32787316,118.66814195]","[4,5,7,3,7,0,1,7,0,0,0,0,1,1,2,7,1,7,3,5,3,2,2,3,3,7,2,3,2,2,2,4,0,2,4,7,2,2,0,6,3,2,5,0,1,0,2,6,7,6,4,4,1,6,1,4,3,7,2,3,1,0,5,1]"
"[5.71812409,6.27634193,7.47148202,12.0381269,23.73255361,30.19694152,33.00873879,33.07072854,34.06000962,34.34898941,35.97228089,36.94325142,38.39617119,38.77235519,39.89324951,41.43784999,42.4523702,51.57021528,52.41140966,54.51209622,57.47819723,58.05078344,61.89180754,62.09778183,63.91138764,64.47287292,71.42253516,74.34227945,77.07246446,79.3180647,82.18770153,84.20565622,84.35540559,84.55804961,85.69831294,86.49676773,86.49893167,86.51660591,87.72973139,89.65474122,92.0365225,98.38922321,98.74089578,99.39941517,100.29795824,100.30833591,100.33325985,100.41548023,100.68010127,103.78430336,103.9813747,104.8537698,105.1797853,105.71090427,106.84737232,107.45135833,109.44146851,109.60121124,110.39368485,110.39626301,111.28055851,111.92453938,112.61124865,113.20428412]","[7,5,1,1,6,2,0,5,1,0,0,0,1,0,1,0,5,1,0,1,7,2,3,3,3,2,1,5,7,1,5,1,0,1,0,5,6,0,3,1,0,1,0,0,1,1,0,1,1,0,1,1,0,1,3,1,1,0,0,4,1,7,2,0]"
"[4.07541376,14.8592767,15.11160731,15.42286805,24.26351217,24.99309244,26.05104654,27.61798746,27.93390928,28.28318303,31.50579609,32.78850633,33.00779967,42.03134489,42.53839533,48.31834437,49.92923978,54.97509885,61.96815581,70.35763147,70.91145385,71.27492021,71.60700997,71.65581967,72.53481336,72.97585126,74.12855384,75.38880434,75.80564706,76.97314928,78.00900723,85.98292622,86.26817789,86.4502528,86.45347079,87.5707551,87.70113143,92.47219737,98.21826798,100.61342199,100.81307104,103.49224245,104.56656502,104.67470873,105.53120533,107.01654833,108.61105542,116.72869023,122.60745813,123.34332099,125.34406774,125.86699871,130.20618367,132.67327115,133.38087897,134.26121563,134.70495287,134.88118421,136.58548354,138.63555978,139.56876336,141.47314824,141.81332966,144.1143883]","[6,7,5,3,1,1,0,1,1,0,7,2,5,7,1,5,3,7,3,5,4,0,1,0,2,1,7,5,4,3,7,2,3,7,3,3,4,2,3,2,5,1,0,2,1,0,2,7,2,3,1,4,2,2,3,3,3,2,2,5,4,2,6,2]"
"[0.27225325,2.46948126,10.50433886,10.868725,12.65519459,12.71259372,13.92143304,14.78172604,14.99248403,19.88222357,19.99284752,22.29075097,22.74769204,24.77917676,28.05503484,33.28863419,34.51000879,41.00209894,43.71926601,46.2830637,50.43127804,54.64904812,55.76051257,64.42830067,67.20746045,68.02048619,68.58767568,82.87940143,82.99758241,85.07786648,85.11792621,85.47692012,90.60691282,91.66752011,91.95267721,96.86183768,97.03636564,98.39538548,102.26281416,102.27568567,103.38978333,104.27477366,104.77288156,105.33304506,107.2972954,107.88272036,108.69774346,109.17526939,111.2773133,112.1417032,113.21716908,113.94332327,114.46460873,115.56741831,119.95387531,122.17412474,122.26041611,125.43713218,125.57322967,127.21523207,128.0647837,129.27197783,129.91014109,130.09042053]","[5,5,1,0,0,1,1,6,0,6,2,2,3,4,4,4,5,4,4,4,5,2,0,5,7,4,6,5,5,0,5,6,6,1,1,3,3,2,2,4,3,4,3,0,1,0,1,2,3,2,3,2,0,1,7,4,2,2,3,1,4,1,0,1]"
"[0.60681298,0.80682257,3.80752356,4.03386186,4.05683272,6.80676074,7.08367564,7.40797539,9.62020226,9.86263755,10.31567048,10.86938788,13.6317461,14.49773966,18.11161363,23.64815438,24.82783195,30.2570939,35.38863262,40.72389583,41.65580274,41.79572652,46.01149769,59.82573872,61.26661033,61.38650274,64.29437806,65.26497438,68.4686901,68.54164502,68.95953068,70.32567957,72.43482339,74.48630181,79.64981133,80.14228379,88.05997035,93.82124835,94.07008856,94.11402076,94.45881204,94.76897025,94.90888432,97.95815011,98.0765487,100.50669095,102.18960966,102.4258828,102.87625769,103.12677407,103.7082503,116.78025285,117.29076899,118.05083363,120.84463038,121.29292424,122.86852872,135.21388756,135.44141719,136.12765742,136.77970139,137.37823748,137.71348827,139.29941426]","[2,3,2,5,7,3,3,2,2,2,2,4,1,0,7,4,1,1,7,1,0,1,7,3,2,2,3,2,4,7,0,1,1,1,4,2,1,2,3,1,3,2,0,5,3,0,1,3,1,0,1,2,2,1,0,1,3,2,3,3,1,3,3,2]"
"[1.28939233,2.34347671,2.63743108,2.95271322,3.52483788,11.77911265,12.16807531,12.95345709,13.26579738,18.2602894,21.7507724,22.41711378,22.81721155,23.12678855,23.3948666,23.62001335,23.77624234,25.20296242,32.59045754,33.65897719,34.32176086,35.63544311,35.67346366,37.39493448,38.19805513,40.37764221,41.09334661,41.73118468,42.79814418,44.65864276,44.84638317,44.85414764,44.95607734,45.21039605,46.93762454,47.18285682,47.26638682,47.69567127,49.56822618,49.62691637,50.28261329,51.76077743,59.5444708,60.73600022,66.41654689,66.55354934,70.26256357,70.60365569,72.59255213,75.60509693,77.4696238,77.89450595,78.43678379,78.52062616,87.70577116,88.38066069,89.75562432,90.1579506,90.60285537,92.23415444,93.04077325,93.08161732,93.22405788,97.76372355]","[3,2,3,4,3,4,4,0,1,0,1,0,5,2,0,4,1,5,7,1,4,3,1,7,0,0,5,7,6,0,0,1,1,0,1,1,7,0,1,0,1,1,3,4,1,4,0,2,1,2,0,1,3,1,2,3,2,3,2,3,4,3,4,0]"
"[1.43998843,1.63673517,2.5686177,6.54342608,6.68321622,6.93692531,7.46278826,7.72798363,10.11907649,11.27430724,11.62123558,13.7685398,19.33424455,19.9113007,20.05387728,20.28321034,21.00990519,21.20860739,22.52111527,23.72753647,23.99589917,24.0731992,25.13722185,26.12566581,27.94691952,28.53014475,31.90576204,34.48655989,36.85038541,39.53818646,39.81045498,41.85452318,41.99194209,42.15280583,44.55340676,44.95343782,48.03705576,52.38559751,52.39987637,52.87811726,53.07461357,53.17575607,53.80739296,55.47035785,59.13002801,59.49207119,61.92781436,66.80027378,69.09480281,72.01451376,74.37477382,76.85928643,78.65910299,83.42419474,83.77023372,85.38544864,88.22321589,88.56359322,89.02711355,91.35060117,91.97265787,92.16854982,93.79839827,95.03962669]","[6,1,6,1,2,1,0,1,3,1,2,4,2,3,3,1,0,4,6,0,1,1,5,2,6,3,3,6,2,2,3,6,0,3,1,6,5,0,1,1,6,1,1,7,3,2,1,0,1,5,4,1,0,3,2,4,3,3,2,3,3,2,1,7]"
"[5.38702671,8.59356835,10.11565479,11.02813096,13.52274417,13.63247274,14.07370228,16.82774629,19.33386149,20.23042755,21.93416374,25.23411519,26.02627305,26.80962585,27.86018278,28.82008091,28.96016754,29.90040025,30.30822515,35.72230388,36.21774039,36.65829501,36.67453761,36.68057394,37.90702199,38.43804818,39.27329505,39.60236012,39.78090343,41.06888031,41.23779331,43.69980962,45.07767499,45.30198809,46.95436632,47.68144692,48.30777293,49.49781807,50.15877681,54.29465507,54.35648917,54.82274776,55.28754845,55.41483316,55.91031243,56.04618412,57.6640541,70.15225464,70.66235472,74.06860312,74.70528753,75.49527426,75.56013392,75.77908432,76.01960962,76.30458555,79.57323153,82.30006511,82.43309433,83.97962882,84.64617569,90.02717146,93.88851849,97.90271856]","[7,2,3,4,7,0,3,1,5,1,0,6,1,2,3,0,7,1,4,3,2,0,2,3,1,2,3,1,0,6,3,2,2,0,3,3,0,1,7,0,1,0,1,5,7,1,1,1,1,2,3,0,1,0,0,1,0,1,5,4,5,6,0,7]"
